id,industry_id,signal_id,message_text,created_at
33,1,1,"<b>""Türk Dövlətləri InsurTech Sammiti"" (Azerbaijan)</b>

- Date: 28–29 October
- Location/Venue: Azerbaijan
- Organizer/Host: <a href=""https://www.linkedin.com/in/ughur-ibrahimli"">Uğur İbrahimli</a>, Chartered Insurer | CEO at Mega Insurance
- Agenda/Focus: Ensure continuity and resilience of digital development in Turkic states' insurance markets; strengthen cooperation and leverage experience of leading technology companies; presentation of an ""InsurTech"" book produced in collaboration with Azerbaijani institutions
- Outcomes/Deliverables: Presentation of the jointly produced ""InsurTech"" book; electronic version made available
- Key participants/speakers: <a href=""https://www.linkedin.com/in/ughur-ibrahimli"">Uğur İbrahimli</a>

<b>Sources:</b>
<a href=""https://www.linkedin.com/posts/ughur-ibrahimli_2829-oktyabr-tarixl%C9%99rind%C9%99-%C3%B6lk%C9%99miz-t%C3%BCrk-activity-7389518763798274048-r7Gs?utm_source=combined_share_message&utm_medium=member_desktop&rcm=ACoAAF_FPWEB-KwYruHlmIUbEN3qSqUs6UhlGTA"">Source 2</a>",2025-10-30 09:40:55.285268+00
34,1,2,"<b>Executive Summary</b>

- Posts show recent internal leadership changes in Azerbaijan's fintech sector and a cross‑institution collaboration in the insurance/InsurTech sector focused on digital transformation and knowledge sharing.

- <b>Organization:</b> Azerbaijan Fintech Association (Azfina) — <a href=""https://www.linkedin.com/in/rasim-khammadov-99510b57"">Rasim Khammadov</a>  
  Change Type: leadership shift (board election)  
  Key Detail: ""newly elected Board Members"" were announced.  
  Timing: not specified.  
  <i>Business impact:</i> hopes to ""drive the growth and innovation of the country's fintech ecosystem."" (Source 1)

- <b>Organization:</b> Multiple Azerbaijani institutions (İqtisadi İslahatların Təhlili və Kommunikasiya Mərkəzi; Dövlət İdarəçilik Akademiyası; Azerbaijan Insurers Association) — <a href=""https://www.linkedin.com/in/ughur-ibrahimli"">Uğur İbrahimli</a>  
  Change Type: partnership / joint publication and event hosting  
  Key Detail: Co‑authored ""InsurTech"" book was presented at the ""Türk Dövlətləri InsurTech Sammiti""; summit hosted by Azerbaijan.  
  Timing: 28–29 October.  
  <i>Business impact:</i> stated aims to ensure continuity and resilience of digital development in insurance markets, strengthen cooperation, and leverage tech companies' experience. (Source 4)

<b>Sources:</b> <a href=""https://www.linkedin.com/posts/rasim-khammadov-99510b57_azfina-boardmembers-activity-7389292244383571968-Hbur?utm_source=combined_share_message&utm_medium=member_desktop&rcm=ACoAAF_FPWEB-KwYruHlmIUbEN3qSqUs6UhlGTA"">Source 1</a>, <a href=""https://www.linkedin.com/posts/ughur-ibrahimli_2829-oktyabr-tarixl%C9%99rind%C9%99-%C3%B6lk%C9%99miz-t%C3%BCrk-activity-7389518763798274048-r7Gs?utm_source=combined_share_message&utm_medium=member_desktop&rcm=ACoAAF_FPWEB-KwYruHlmIUbEN3qSqUs6UhlGTA"">Source 4</a>",2025-10-30 09:41:43.418624+00
35,1,3,"<b>Industry Signal Summary</b>

Dominant themes: rapid digitization across financial services (fintech + insurtech), macro-driven investment/financing signals from global monetary policy, and emphasis on leadership capability-building.

- <b>Digitization & ecosystem building:</b> Evidence: <a href=""https://www.linkedin.com/in/rasim-khammadov-99510b57"">Rasim Khammadov</a> highlights Azfina’s role in strengthening the “rəqəmsal maliyyə ekosistemi” (digital financial ecosystem) (Source 1); <a href=""https://www.linkedin.com/in/ughur-ibrahimli"">Uğur İbrahimli</a> reports the “Türk Dövlətləri InsurTech Sammiti” focused on sustaining digital development in insurance markets (Source 3). <i>Implication:</i> expansion and modernization of financial product and service delivery across banking and insurance.

- <b>Cross-industry collaboration & knowledge sharing:</b> Evidence: InsurTech summit aimed to “gücləndirmək” cooperation and leverage tech firms’ experience; a co‑authored “InsurTech” book was published/presented (Source 3). Azfina’s newly elected board signals coordinated industry initiatives (Source 1). <i>Implication:</i> faster adoption through coordinated projects, shared best practices, and institutional capacity building.

- <b>Macro-driven investment & financing conditions:</b> Evidence: <a href=""https://www.linkedin.com/in/hikmatjafarov"">Hikmat Jafarov</a> reports the Fed cut policy rate 25 bps to 3.75–4.00%, noting higher global liquidity/risk appetite, lower U.S. yields, and possible rises in gold and equities; he explicitly links this to potential benefits for Azerbaijan (manat stability, lower import costs, support for sovereign bonds and banks’ external financing, and possible higher energy revenues) (Source 2). <i>Implication:</i> easier external financing and improved market conditions for investment and sovereign funding; potential revenue upside for energy-exporting sectors.

- <b>Leadership development / upskilling:</b> Evidence: <a href=""https://www.linkedin.com/in/jeyhun-abdullayev-04b8113"">Jeyhun Abdullayev</a> emphasizes lifelong learning through participation in Harvard GMP and peer learning (Source 4). <i>Implication:</i> organizations are prioritizing executive capability-building and talent development to support transformation efforts.

<b>Sources:</b> <a href=""https://www.linkedin.com/posts/rasim-khammadov-99510b57_azfina-boardmembers-activity-7389292244383571968-Hbur?utm_source=combined_share_message&utm_medium=member_desktop&rcm=ACoAAF_FPWEB-KwYruHlmIUbEN3qSqUs6UhlGTA"">Source 1</a>, <a href=""https://www.linkedin.com/posts/ughur-ibrahimli_2829-oktyabr-tarixl%C9%99rind%C9%99-%C3%B6lk%C9%99miz-t%C3%BCrk-activity-7389518763798274048-r7Gs?utm_source=combined_share_message&utm_medium=member_desktop&rcm=ACoAAF_FPWEB-KwYruHlmIUbEN3qSqUs6UhlGTA"">Source 3</a>, <a href=""https://www.linkedin.com/posts/hikmatjafarov_fed-finance-economy-activity-7389546904952397824-atb4?utm_source=combined_share_message&utm_medium=member_desktop&rcm=ACoAAF_FPWEB-KwYruHlmIUbEN3qSqUs6UhlGTA"">Source 2</a>, <a href=""https://www.linkedin.com/posts/jeyhun-abdullayev-04b8113_harvardgmp-gmp39-lifelonglearning-activity-7389486531029323776-Nnmf?utm_source=combined_share_message&utm_medium=member_desktop&rcm=ACoAAF_FPWEB-KwYruHlmIUbEN3qSqUs6UhlGTA"">Source 4</a>",2025-10-30 09:42:57.708423+00
36,1,4,"<b>Leadership Themes</b>

Overall tone: Emphasis on ecosystem growth, digital modernization, collaborative industry leadership, and macroeconomic vigilance.

- <b>Fintech ecosystem growth</b>
  - Voice: <a href=""https://www.linkedin.com/in/rasim-khammadov-99510b57"">Rasim Khammadov</a>, Head of Expresspay / Fintech practitioner [1]
  - Quote: ""Congratulations to all newly elected Board Members of the Azerbaijan Fintech Association! Wishing everyone success in driving the growth and innovation of the country's fintech ecosystem.""
  - <i>Why it matters</i>: Explicit intent to develop and strengthen Azerbaijan’s digital finance ecosystem through association-led projects and leadership.

- <b>Lifelong learning & leadership development</b>
  - Voice: <a href=""https://www.linkedin.com/in/jeyhun-abdullayev-04b8113"">Jeyhun Abdullayev</a>, CFO @ PASHA Malls [2]
  - Quote: ""Every day among brilliant minds adds purpose, clarity, and efficiency to life—a true privilege to learn and grow together.""
  - <i>Why it matters</i>: Prioritizes continuous learning and peer development as part of leadership culture.

- <b>InsurTech digital transformation & regional cooperation</b>
  - Voice: <a href=""https://www.linkedin.com/in/ughur-ibrahimli"">Uğur İbrahimli</a>, CEO at Mega Insurance / Chartered Insurer [3]
  - Quote: (no direct quote provided)
  - <i>Why it matters</i>: Hosted the ""Türk Dövlətləri InsurTech Sammiti"" (28–29 October) to ensure continuity/resilience of digital development in Turkic states’ insurance markets, strengthen cooperation, and leverage tech companies’ expertise; also presented a co‑authored ""InsurTech"" book.

- <b>Macroeconomic & financial-market vigilance</b>
  - Voice: <a href=""https://www.linkedin.com/in/hikmatjafarov"">Hikmat Jafarov</a>, Director of Treasury, Yapi Kredi Bank Azerbaijan CJSC [4]
  - Quote: ""Yesterday, the U.S. Federal Reserve (Fed) lowered its policy rate by 25 basis points to a range of 3.75–4.00%.""
  - <i>Why it matters</i>: Connects Fed policy to local effects—possible dollar weakening supporting manat stability and lower import costs, improved conditions for sovereign bonds and bank external financing, and potential energy price impacts on government revenues.

<b>Sources:</b> 
<a href=""https://www.linkedin.com/posts/rasim-khammadov-99510b57_azfina-boardmembers-activity-7389292244383571968-Hbur?utm_source=combined_share_message&utm_medium=member_desktop&rcm=ACoAAF_FPWEB-KwYruHlmIUbEN3qSqUs6UhlGTA"">Source 1</a>, 
<a href=""https://www.linkedin.com/posts/jeyhun-abdullayev-04b8113_harvardgmp-gmp39-lifelonglearning-activity-7389486531029323776-Nnmf?utm_source=combined_share_message&utm_medium=member_desktop&rcm=ACoAAF_FPWEB-KwYruHlmIUbEN3qSqUs6UhlGTA"">Source 2</a>, 
<a href=""https://www.linkedin.com/posts/ughur-ibrahimli_2829-oktyabr-tarixl%C9%99rind%C9%99-%C3%B6lk%C9%99miz-t%C3%BCrk-activity-7389518763798274048-r7Gs?utm_source=combined_share_message&utm_medium=member_desktop&rcm=ACoAAF_FPWEB-KwYruHlmIUbEN3qSqUs6UhlGTA"">Source 3</a>, 
<a href=""https://www.linkedin.com/posts/hikmatjafarov_fed-finance-economy-activity-7389546904952397824-atb4?utm_source=combined_share_message&utm_medium=member_desktop&rcm=ACoAAF_FPWEB-KwYruHlmIUbEN3qSqUs6UhlGTA"">Source 4</a>",2025-10-30 09:43:59.669516+00
37,1,6,"<b>Narrative Summary</b>

- Coverage centers on digital transformation in financial services (InsurTech/Fintech) and macro resilience following Fed policy moves. Stakeholders present digital projects as collaborative ecosystem-building, while Fed commentary is framed around liquidity, risk appetite and implications for sovereign/currency stability.

- 2–4 bullets, one per narrative:

- <b>Narrative:</b> Transformation = digital ecosystem growth  
  Supporting voice(s): <a href=""https://www.linkedin.com/in/ughur-ibrahimli"">Uğur İbrahimli</a> (Chartered Insurer | CEO, Mega Insurance); <a href=""https://www.linkedin.com/in/rasim-khammadov-99510b57"">Rasim Khammadov</a> (Head of Expresspay) [2][3]  
  Quote: ""rəqəmsal inkişafın davamlılığını və dayanıqlığını təmin etmək"" / ""inkişafı və rəqəmsal maliyyə ekosisteminin gücləndirilməsi üçün birlikdə uğurlu layihələrə imza atacağımıza inanıram.""  
  <i>Positioning</i>: Framed as cross‑sector collaboration to strengthen the digital finance/insurance ecosystem and accelerate industry projects.

- <b>Narrative:</b> Resilience = macro signal for markets and financing  
  Supporting voice(s): <a href=""https://www.linkedin.com/in/hikmatjafarov"">Hikmat Jafarov</a> (Director of Treasury, Yapi Kredi Bank Azerbaijan) [4]  
  Quote: ""növbəti endirimlər zəmanətli deyil —faiz siyasəti hələ də məlumatlara əsaslanır.""  
  <i>Positioning</i>: Used to signal implications for investor liquidity/risk appetite and concrete effects on sovereign bonds, currency stability (manat) and bank external financing.

<b>Sources:</b> <a href=""https://www.linkedin.com/posts/ughur-ibrahimli_2829-oktyabr-tarixl%C9%99rind%C9%99-%C3%B6lk%C9%99miz-t%C3%BCrk-activity-7389518763798274048-r7Gs"">Source 2</a>, <a href=""https://www.linkedin.com/posts/rasim-khammadov-99510b57_azfina-boardmembers-activity-7389292244383571968-Hbur"">Source 3</a>, <a href=""https://www.linkedin.com/posts/hikmatjafarov_fed-finance-economy-activity-7389546904952397824-atb4"">Source 4</a>",2025-10-30 09:45:57.808307+00
38,1,6,"<b>Narrative Summary</b>

- The posts frame digital transformation in financial services (fintech/insurtech) as a collaborative, cross‑sector effort to strengthen national ecosystems and governance, while macro commentary frames policy moves as market signals tied to resilience and funding conditions.

- 2–4 bullets:

- <b>Narrative:</b> Digital transformation = ecosystem growth  
  - Supporting voice(s): <a href=""https://www.linkedin.com/in/ughur-ibrahimli"">Uğur İbrahimli</a>, Chartered Insurer | CEO at Mega Insurance; <a href=""https://www.linkedin.com/in/rasim-khammadov-99510b57"">Rasim Khammadov</a>, Head of Expresspay  
  - Quote: ""Tədbirin əsas məqsədi türk dövlətlərinin sığorta bazarlarında rəqəmsal inkişafın davamlılığını və dayanıqlığını təmin etmək, bu istiqamətdə əməkdaşlığı gücləndirmək və qabaqcıl texnologiya şirkətlərinin təcrübəsindən faydalanmaq idi.""  
  - Quote: ""Azerbaijan Fintech Association (Azfina) inkişafı və rəqəmsal maliyyə ekosisteminin gücləndirilməsi üçün birlikdə uğurlu layihələrə imza atacağımıza inanıram.""  
  - <i>Positioning</i>: industry collaboration and ecosystem development (governance/partnership focus) [2][3]

- <b>Narrative:</b> Resilience = policy signal for markets and funding conditions  
  - Supporting voice(s): <a href=""https://www.linkedin.com/in/hikmatjafarov"">Hikmat Jafarov, CFA, LCCI</a>, Director of Treasury, Correspondent Banking and Funds Management Department @ Yapi Kredi Bank Azerbaijan CJSC  
  - Quote: ""This move signals a softer policy approach in response to weakening economic activity and risks in the labor market.""  
  - <i>Positioning</i>: used as a market/investor signal—implications for liquidity, risk appetite, sovereign bond support and external bank financing [4]

<b>Sources:</b> <a href=""https://www.linkedin.com/posts/ughur-ibrahimli_2829-oktyabr-tarixl%C9%99rind%C9%99-%C3%B6lk%C9%99miz-t%C3%BCrk-activity-7389518763798274048-r7Gs?utm_source=combined_share_message&utm_medium=member_desktop&rcm=ACoAAF_FPWEB-KwYruHlmIUbEN3qSqUs6UhlGTA"">Source 2</a>, <a href=""https://www.linkedin.com/posts/rasim-khammadov-99510b57_azfina-boardmembers-activity-7389292244383571968-Hbur?utm_source=combined_share_message&utm_medium=member_desktop&rcm=ACoAAF_FPWEB-KwYruHlmIUbEN3qSqUs6UhlGTA"">Source 3</a>, <a href=""https://www.linkedin.com/posts/hikmatjafarov_fed-finance-economy-activity-7389546904952397824-atb4?utm_source=combined_share_message&utm_medium=member_desktop&rcm=ACoAAF_FPWEB-KwYruHlmIUbEN3qSqUs6UhlGTA"">Source 4</a>",2025-10-30 09:46:04.765057+00
39,1,7,"<b>Sales Opportunities Overview</b>

Macro and sector signals point to three open areas: banks/treasury (external financing and FX/import cost dynamics), fintech leadership initiatives (Azfina board renewal), and insurance sector digitization (InsurTech summit & co-authored book).

- <b>Target:</b> Bank treasury / funding teams  
  Stated Need / Initiative: Potential support for Azerbaijan’s bank sector external financing and implications for FX/import costs following a Fed rate cut.  
  Relevant Contact / Role: <a href=""https://www.linkedin.com/in/hikmatjafarov"">Hikmat Jafarov</a> (Director of Treasury, Correspondent Banking and Funds Management) (Source 1)  
  <i>Entry Angle:</i> Frame outreach around solutions for managing external funding, FX/import cost mitigation, or investor outreach while global risk appetite shifts (Source 1).

- <b>Target:</b> Azerbaijan Fintech Association (Azfina) / newly elected board & fintech ecosystem leaders  
  Stated Need / Initiative: Development and strengthening of the country’s digital finance ecosystem; new board members have been elected to drive this.  
  Relevant Contact / Role: <a href=""https://www.linkedin.com/in/rasim-khammadov-99510b57"">Rasim Khammadov</a> (Head of Expresspay; fintech leader congratulating board) (Source 2)  
  <i>Entry Angle:</i> Approach as collaboration offers or project proposals that support Azfina’s stated goal to advance the digital finance ecosystem and deliver joint initiatives (Source 2).

- <b>Target:</b> Insurance industry / InsurTech initiatives and cross-institution collaboration  
  Stated Need / Initiative: Ensure sustainable digital development of insurance markets, strengthen cooperation among Turk-state insurers and leverage tech company experience; an “InsurTech” book was launched.  
  Relevant Contact / Role: <a href=""https://www.linkedin.com/in/ughur-ibrahimli"">Uğur İbrahimli</a> (CEO, Mega Insurance; co-author) (Source 4)  
  <i>Entry Angle:</i> Position outreach as partnership/knowledge-exchange or technology pilots aligned with InsurTech modernization and the collaborative programs cited at the summit (Source 4).

<b>Sources:</b> 
<a href=""https://www.linkedin.com/posts/hikmatjafarov_fed-finance-economy-activity-7389546904952397824-atb4?utm_source=combined_share_message&utm_medium=member_desktop&rcm=ACoAAF_FPWEB-KwYruHlmIUbEN3qSqUs6UhlGTA"">Source 1</a>, <a href=""https://www.linkedin.com/posts/rasim-khammadov-99510b57_azfina-boardmembers-activity-7389292244383571968-Hbur?utm_source=combined_share_message&utm_medium=member_desktop&rcm=ACoAAF_FPWEB-KwYruHlmIUbEN3qSqUs6UhlGTA"">Source 2</a>, <a href=""https://www.linkedin.com/posts/ughur-ibrahimli_2829-oktyabr-tarixl%C9%99rind%C9%99-%C3%B6lk%C9%99miz-t%C3%BCrk-activity-7389518763798274048-r7Gs?utm_source=combined_share_message&utm_medium=member_desktop&rcm=ACoAAF_FPWEB-KwYruHlmIUbEN3qSqUs6UhlGTA"">Source 4</a>",2025-10-30 09:46:40.587309+00
40,1,8,"<b>Growth Signal Overview</b>

Momentum appears strongest around Azerbaijani fintech/insurtech sector activity (governance change, a regional InsurTech summit and book launch) plus a near-term macro tailwind for Azerbaijan’s sovereign and banking financing following a Fed rate cut.

- <b>Entity:</b> Azerbaijan Fintech Association (Azfina) — <a href=""https://www.linkedin.com/in/rasim-khammadov-99510b57"">Rasim Khammadov</a> (Source 2)  
  Signal: Newly elected Board Members.  
  Timing: Election referenced in the post (no date stated).  
  <i>Why it matters:</i> The post explicitly links the new board to driving growth and innovation in the country’s fintech ecosystem and to partnering on successful projects.  

- <b>Entity:</b> Azerbaijan sovereign bonds / banking sector — <a href=""https://www.linkedin.com/in/hikmatjafarov"">Hikmat Jafarov</a> (Source 3)  
  Signal: Macro financing tailwind following a U.S. Fed policy rate cut (25 bps to 3.75–4.00%).  
  Timing: “Yesterday” (as stated in the post).  
  <i>Why it matters:</i> The author explicitly states the rate cut may support Azerbaijan’s sovereign bonds and the external financing of its banking sector, and could also reduce import costs via relative dollar weakening.

- <b>Entity:</b> Azerbaijan / Turkic InsurTech sector — <a href=""https://www.linkedin.com/in/ughur-ibrahimli"">Uğur İbrahimli</a> (Source 4)  
  Signal: Hosted the “Türk Dövlətləri InsurTech Sammiti” and released a co‑authored “InsurTech” book.  
  Timing: Summit held 28–29 October (dates stated).  
  <i>Why it matters:</i> The event and book are explicitly positioned to strengthen digital development, sector collaboration, and to share leading tech-company practices across insurance markets.

<b>Sources:</b>  
<a href=""https://www.linkedin.com/posts/rasim-khammadov-99510b57_azfina-boardmembers-activity-7389292244383571968-Hbur?utm_source=combined_share_message&utm_medium=member_desktop&rcm=ACoAAF_FPWEB-KwYruHlmIUbEN3qSqUs6UhlGTA"">Source 2</a>, <a href=""https://www.linkedin.com/posts/hikmatjafarov_fed-finance-economy-activity-7389546904952397824-atb4?utm_source=combined_share_message&utm_medium=member_desktop&rcm=ACoAAF_FPWEB-KwYruHlmIUbEN3qSqUs6UhlGTA"">Source 3</a>, <a href=""https://www.linkedin.com/posts/ughur-ibrahimli_2829-oktyabr-tarixl%C9%99rind%C9%99-%C3%B6lk%C9%99miz-t%C3%BCrk-activity-7389518763798274048-r7Gs?utm_source=combined_share_message&utm_medium=member_desktop&rcm=ACoAAF_FPWEB-KwYruHlmIUbEN3qSqUs6UhlGTA"">Source 4</a>",2025-10-30 09:47:43.019643+00